{
  "model": "lightgbm",
  "accuracy": 0.9571508168458495,
  "roc_auc": 0.9551622148663939,
  "pr_auc": 0.69939662175047,
  "precision": 0.7589084155014646,
  "recall": 0.4930046490488167,
  "f1": 0.5977178250454563,
  "confusion_matrix": [
    [
      64250904.64999991,
      702197.03
    ],
    [
      2273103.8000000063,
      2210376.7599999993
    ]
  ]
}